{
  "coefficients": [
    -27.000000000000583,
    8973.000000000193
  ],
  "degree": 1,
  "meta": {
    "angles_deg": [
      0.0,
      90.0
    ],
    "adcs": [
      332.3333333333333,
      329.0
    ],
    "raw_runs": [
      [
        348.5,
        327.5,
        321.0
      ],
      [
        319.0,
        335.0,
        333.0
      ]
    ],
    "repeats": 3,
    "port": "/dev/cu.usbmodem101",
    "baud": 9600
  }
}