{
  "coefficients": [
    0.00020021482509611667,
    0.07027540360873694,
    24.666666666666668
  ],
  "degree": 2,
  "meta": {
    "angles_deg": [
      0.0,
      60.0,
      90.0,
      100.0,
      120.0
    ],
    "adcs": [
      351.0,
      351.0,
      351.0,
      351.0,
      351.0
    ],
    "raw_runs": [
      [
        351.0
      ],
      [
        351.0
      ],
      [
        351.0
      ],
      [
        351.0
      ],
      [
        351.0
      ]
    ],
    "repeats": 1,
    "port": "/dev/cu.usbmodem101",
    "baud": 9600
  }
}