{
  "coefficients": [
    -0.13247070156107604,
    0.09702039119553568,
    16193.70380431338
  ],
  "degree": 2,
  "meta": {
    "angles_deg": [
      0.0,
      60.0,
      90.0,
      100.0,
      120.0
    ],
    "adcs": [
      350.0,
      349.0,
      349.0,
      349.0,
      349.0
    ],
    "raw_runs": [
      [
        350.0
      ],
      [
        349.0
      ],
      [
        349.0
      ],
      [
        349.0
      ],
      [
        349.0
      ]
    ],
    "repeats": 1,
    "port": "/dev/cu.usbmodem101",
    "baud": 9600
  }
}