{
  "coefficients": [
    -3.765988641563486,
    2604.0759871452174,
    -450021.17970830156
  ],
  "degree": 2,
  "meta": {
    "angles_deg": [
      0.0,
      90.0,
      100.0,
      120.0
    ],
    "adcs": [
      351.8333333333333,
      349.5,
      348.6666666666667,
      348.3333333333333
    ],
    "raw_runs": [
      [
        352.5,
        352.0,
        351.0
      ],
      [
        350.0,
        349.5,
        349.0
      ],
      [
        349.0,
        349.0,
        348.0
      ],
      [
        348.0,
        348.0,
        349.0
      ]
    ],
    "repeats": 3,
    "port": "/dev/cu.usbmodem101",
    "baud": 9600
  }
}