{
  "coefficients": [
    366.66666666175047,
    -257036.66666321593,
    45046259.9993945
  ],
  "degree": 2,
  "meta": {
    "angles_deg": [
      0.0,
      60.0,
      90.0,
      100.0,
      120.0
    ],
    "adcs": [
      350.5,
      350.0,
      351.0,
      350.0,
      350.0
    ],
    "raw_runs": [
      [
        350.5
      ],
      [
        350.0
      ],
      [
        351.0
      ],
      [
        350.0
      ],
      [
        350.0
      ]
    ],
    "repeats": 1,
    "port": "/dev/cu.usbmodem101",
    "baud": 9600
  }
}